INSERT INTO stadium (stadium_name, capacity, location, seat_price) VALUES
                                                                       ('이글스파크', 200, '대전', 12000),
                                                                       ('사직야구장', 200, '사직', 10000),
                                                                       ('KT위즈파크', 200, '수원', 19000),
                                                                       ('잠실야구장', 200, '서울', 20000),
                                                                       ('창원NC파크', 200, '창원', 36000),
                                                                       ('랜더스필드', 200, '인천', 30000),
                                                                       ('챔피언스필드', 200, '광주', 18000),
                                                                       ('대구삼성라이온즈파크', 200, '대구', 27000),
                                                                       ('고척스카이돔', 200, '서울', 50000);

INSERT INTO seat (stadium_id, seat_col, seat_row, seat_num, seat_status) VALUES
                                                                             (1, 1, 1, 1, TRUE),
                                                                             (1, 1, 1, 2, TRUE),
                                                                             (1, 1, 1, 3, TRUE),
                                                                             (2, 1, 1, 1, TRUE),
                                                                             (2, 1, 1, 2, TRUE),
                                                                             (2, 1, 1, 3, TRUE),
                                                                             (3, 1, 1, 1, TRUE),
                                                                             (3, 1, 1, 2, TRUE),
                                                                             (3, 1, 1, 3, TRUE),
                                                                             (4, 1, 1, 1, TRUE),
                                                                             (4, 1, 1, 2, TRUE),
                                                                             (4, 1, 1, 3, TRUE),
                                                                             (5, 1, 1, 1, TRUE),
                                                                             (5, 1, 1, 2, TRUE),
                                                                             (5, 1, 1, 3, TRUE),
                                                                             (6, 1, 1, 1, TRUE),
                                                                             (6, 1, 1, 2, TRUE),
                                                                             (6, 1, 1, 3, TRUE),
                                                                             (7, 1, 1, 1, TRUE),
                                                                             (7, 1, 1, 2, TRUE),
                                                                             (7, 1, 1, 3, TRUE),
                                                                             (8, 1, 1, 1, TRUE),
                                                                             (8, 1, 1, 2, TRUE),
                                                                             (8, 1, 1, 3, TRUE),
                                                                             (9, 1, 1, 1, TRUE),
                                                                             (9, 1, 1, 2, TRUE),
                                                                             (9, 1, 1, 3, TRUE);

INSERT INTO `team` (`team_name`, `logo`, `stadium_id`) VALUES
                                                           ( '한화', '한화.png', 1),
                                                           ( '롯데', '롯데.png', 2),
                                                           ( 'KT', 'KT.png', 3),
                                                           ( 'LG', 'LG.png', 4),
                                                           ( '두산', '두산.png', 4),
                                                           ( 'NC', 'NC.png', 5),
                                                           ( 'SSG', 'SSG.png', 6),
                                                           ( 'KIA', 'KIA.png', 7),
                                                           ( '삼성', '삼성.png', 8),
                                                           ( '키움', '키움.png', 9);

INSERT INTO teamrank (team_rank, team_id, games_behind) VALUES
                                                            (1, 8, 0),
                                                            (2, 4, 5),
                                                            (3, 9, 8),
                                                            (4, 7, 8.5),
                                                            (5, 6, 8.5),
                                                            (6, 10, 10.5),
                                                            (7, 3, 10.5),
                                                            (8, 1, 15),
                                                            (9, 2, 16.5),
                                                            (10, 5, 17.5);

INSERT INTO game (game_date, game_time, home_team_id, away_team_id, sellable) VALUES
                                                                                  ('2024-08-07', '18:00:00', 1, 2, 'S'),
                                                                                  ('2024-08-07', '19:00:00', 3, 4, 'S'),
                                                                                  ('2024-08-07', '18:30:00', 5, 6, 'S'),
                                                                                  ('2024-08-07', '19:30:00', 7, 8, 'S'),
                                                                                  ('2024-08-07', '20:00:00', 9, 10, 'S'),
                                                                                  ('2024-08-08', '18:00:00', 2, 3, 'S'),
                                                                                  ('2024-08-08', '19:00:00', 4, 5, 'S'),
                                                                                  ('2024-08-08', '18:30:00', 6, 7, 'S'),
                                                                                  ('2024-08-08', '19:30:00', 8, 9, 'S'),
                                                                                  ('2024-08-08', '20:00:00', 10, 1, 'S'),
                                                                                  ('2024-08-09', '18:00:00', 3, 4, 'S'),
                                                                                  ('2024-08-09', '19:00:00', 5, 6, 'S'),
                                                                                  ('2024-08-09', '18:30:00', 7, 8, 'S'),
                                                                                  ('2024-08-09', '19:30:00', 9, 10, 'S'),
                                                                                  ('2024-08-09', '20:00:00', 1, 2, 'S'),
                                                                                  ('2024-08-10', '18:00:00', 4, 5, 'S'),
                                                                                  ('2024-08-10', '19:00:00', 6, 7, 'S'),
                                                                                  ('2024-08-10', '18:30:00', 8, 9, 'S'),
                                                                                  ('2024-08-10', '19:30:00', 10, 1, 'S'),
                                                                                  ('2024-08-10', '20:00:00', 2, 3, 'S'),
                                                                                  ('2024-08-12', '18:00:00', 5, 6, 'S'),
                                                                                  ('2024-08-12', '19:00:00', 7, 8, 'S'),
                                                                                  ('2024-08-12', '18:30:00', 9, 10, 'S'),
                                                                                  ('2024-08-12', '19:30:00', 1, 2, 'S'),
                                                                                  ('2024-08-12', '20:00:00', 3, 4, 'S'),
                                                                                  ('2024-08-13', '18:00:00', 6, 7, 'S'),
                                                                                  ('2024-08-13', '19:00:00', 8, 9, 'S'),
                                                                                  ('2024-08-13', '18:30:00', 10, 1, 'S'),
                                                                                  ('2024-08-13', '19:30:00', 2, 3, 'S'),
                                                                                  ('2024-08-13', '20:00:00', 4, 5, 'S'),
                                                                                  ('2024-08-14', '18:00:00', 7, 8, 'S'),
                                                                                  ('2024-08-14', '19:00:00', 9, 10, 'S'),
                                                                                  ('2024-08-14', '18:30:00', 1, 2, 'S'),
                                                                                  ('2024-08-14', '19:30:00', 3, 4, 'S'),
                                                                                  ('2024-08-14', '20:00:00', 5, 6, 'S'),
                                                                                  ('2024-08-15', '18:00:00', 8, 9, 'S'),
                                                                                  ('2024-08-15', '19:00:00', 10, 1, 'S'),
                                                                                  ('2024-08-15', '18:30:00', 2, 3, 'S'),
                                                                                  ('2024-08-15', '19:30:00', 4, 5, 'S'),
                                                                                  ('2024-08-15', '20:00:00', 6, 7, 'S'),
                                                                                  ('2024-08-17', '18:00:00', 9, 10, 'S'),
                                                                                  ('2024-08-17', '19:00:00', 1, 2, 'S'),
                                                                                  ('2024-08-17', '18:30:00', 3, 4, 'S'),
                                                                                  ('2024-08-17', '19:30:00', 5, 6, 'S'),
                                                                                  ('2024-08-17', '20:00:00', 7, 8, 'S'),
                                                                                  ('2024-08-18', '18:00:00', 10, 1, 'S'),
                                                                                  ('2024-08-18', '19:00:00', 2, 3, 'S'),
                                                                                  ('2024-08-18', '18:30:00', 4, 5, 'S'),
                                                                                  ('2024-08-18', '19:30:00', 6, 7, 'S'),
                                                                                  ('2024-08-18', '20:00:00', 8, 9, 'S'),
                                                                                  ('2024-08-19', '18:00:00', 1, 2, 'S'),
                                                                                  ('2024-08-19', '19:00:00', 3, 4, 'S'),
                                                                                  ('2024-08-19', '18:30:00', 5, 6, 'S'),
                                                                                  ('2024-08-19', '19:30:00', 7, 8, 'S'),
                                                                                  ('2024-08-19', '20:00:00', 9, 10, 'S'),
                                                                                  ('2024-08-20', '18:00:00', 2, 3, 'S'),
                                                                                  ('2024-08-20', '19:00:00', 4, 5, 'S'),
                                                                                  ('2024-08-20', '18:30:00', 6, 7, 'S'),
                                                                                  ('2024-08-20', '19:30:00', 8, 9, 'S'),
                                                                                  ('2024-08-20', '20:00:00', 10, 1, 'S');

INSERT INTO gameseat (seat_id, game_id, game_seat_price, occupied) VALUES
                                                                       (1, 1, 10000, FALSE),
                                                                       (2, 1, 10000, FALSE),
                                                                       (3, 1, 10000, FALSE),
                                                                       (4, 2, 12000, FALSE),
                                                                       (5, 2, 12000, FALSE),
                                                                       (6, 2, 12000, FALSE),
                                                                       (7, 3, 15000, FALSE),
                                                                       (8, 3, 15000, FALSE),
                                                                       (9, 3, 15000, FALSE),
                                                                       (10, 4, 20000, FALSE),
                                                                       (11, 4, 20000, FALSE),
                                                                       (12, 4, 20000, FALSE),
                                                                       (13, 5, 25000, FALSE),
                                                                       (14, 5, 25000, FALSE),
                                                                       (15, 5, 25000, FALSE),
                                                                       (16, 6, 30000, FALSE),
                                                                       (17, 6, 30000, FALSE),
                                                                       (18, 6, 30000, FALSE),
                                                                       (19, 7, 35000, FALSE),
                                                                       (20, 7, 35000, FALSE),
                                                                       (21, 7, 35000, FALSE),
                                                                       (22, 8, 40000, FALSE),
                                                                       (23, 8, 40000, FALSE),
                                                                       (24, 8, 40000, FALSE),
                                                                       (25, 9, 45000, FALSE),
                                                                       (26, 9, 45000, FALSE),
                                                                       (27, 9, 45000, FALSE);

INSERT INTO member (`member_name`,`member_email`,`member_password`,`member_phone`) VALUES
    ('goeunPark','goeunpark21','1234','010-3232-5656');

INSERT INTO ticket (member_id, ticket_price, game_seat_id, ticket_date) VALUES
                                                                            (1, 10000, 1, '2024-08-07 10:00:00'),
                                                                            (1, 12000, 4, '2024-08-07 11:00:00'),
                                                                            (1, 15000, 7, '2024-08-07 12:00:00');